incubator,location
Startup Mahakumbh,Nicobars Andaman and Nicobar Islands
Startup Mahakumbh,Nicobars Andaman and Nicobar Islands
Startup Mahakumbh,Nicobars Andaman and Nicobar Islands
Startup Mahakumbh,Nicobars Andaman and Nicobar Islands
startup mahakumbh grand challenge,New Delhi Delhi
BioNEST DMIHER,Nagpur Maharashtra
Sahyadri Rural Development Foundation,Nashik Maharashtra
CVRU iTBI,Bilaspur Chhattisgarh
AmpliNxt incubator,Pune Maharashtra
Technology Innovation Foundation of IIT Palakkad,Palakkad Kerala
Vety and Livestock Innovation and Incubation Foundation (VLIIF),Sangrur Punjab
DBATU FORUM OF INNOVATION INCUBATION & ENTERPRISE (DFIIE),Raigad Maharashtra
PUNJAB BIOTECHNOLOGY INCUBATOR,Mohali Punjab
TBIGEU,Dehradun Uttarakhand
Dholakia Incub8 Foundation,Surat Gujarat
V-NEST VIT CHENNAI STARTUP AND RESEARCH FOUNDATION,Chennai Tamil Nadu
UPID Noida Innovation and Incubation Foundation,Gautam Buddha Nagar Uttar Pradesh
Santosh Startups Forum,Ghaziabad Uttar Pradesh
Unigoa Knowledge and Innovation Foundation,Panaji Goa
JS Innovations,Firozabad Uttar Pradesh
FOUV Innovation Foundation,Palwal Haryana
MERI StartupHub,South West Delhi Delhi
Gyan Ganga Genesis Incubation Center,Jabalpur Madhya Pradesh
Vsure Investment Affairs Private Limited,Navi Mumbai Maharashtra
IHub-Data Foundation,Hyderabad Telangana
AICRAISE,Coimbatore Tamil Nadu
Visvesvaraya Research and Innovation Foundation,Belagavi Karnataka
OASME Council for Engineering and Technology,Cuttack Odisha
CoE-Efficiency Augmentation,Bengaluru Karnataka
Arifa Innovation and Incubation Council,Nagapattinam Tamil Nadu
TiHAN IIT Hyderabad,Hyderabad Telangana
Geenovate Foundation,Hyderabad Telangana
NSUTEC IRF,East Delhi Delhi
SAGE Foundation (UnLtd India),Mumbai Maharashtra
Karmaveer Bhaurao Patil Research Foundation,Satara Maharashtra
United Incubation Hub,Allahabad Uttar Pradesh
Oasys Institute of Technology,Tiruchirappalli Tamil Nadu
Manav Bharti Foundation,Sirohi Rajasthan
Central University of Punjab Research and Development Foundation,Bathinda Punjab
SAMIRAN MITRA (CSVTU-FORTE),Bhilai Nagar Chhattisgarh
Foundation for Technology and Entrepreneurial Ecosystems,Vijayapura Karnataka
NFSU RESEARCH AND INNOVATION COUNCIL,Gandhinagar Gujarat
Aarambh Incubation center,Ahmedabad Gujarat
CDIIC - CODISSIA DEFENCE INNOVATION AND ATAL INCUBATION CENTRE,Coimbatore Tamil Nadu
STPI - EmTek CoE,Bhubaneswar Odisha
RECM Innovation Center Foundation,Mainpuri Uttar Pradesh
build3,North Goa Goa
IROLLER CAPITAL PRIVATE LIMITED,Ahmedabad Gujarat
TDIC-CSIRIITR,Lucknow Uttar Pradesh
Laxminarayan Baviskar,Nashik Maharashtra
fmutbi,Baleswar Odisha
IIM Shillong Foundation for Incubation and Enterprises,East Khasi Hills Meghalaya
ICFAI Incubator,Hyderabad Telangana
Centre for Innovation Incubation and Entrepreneurship,South Delhi Delhi
Atal Incubation Centre Guru Gobind Singh Indraprastha University,New Delhi Delhi
Innovation and Incubation Hub MNNIT Foundation,Allahabad Uttar Pradesh
CoE in Efficiency Augmentation,Bengaluru Urban Karnataka
Kalinga Incubation Foundation,Raipur Chhattisgarh
IoTOpenLabBengaluru,Bengaluru Karnataka
Amity Innovation Incubator Lucknow,Lucknow Uttar Pradesh
DR BANSI DHAR INCUBATION CENTER,Gurugram Haryana
GRG Gen Nxt Foundation,Coimbatore Tamil Nadu
TIH Foundation for IoT & IoE,Mumbai Maharashtra
SREC SPARK INCUBATION FOUNDATION,Coimbatore Tamil Nadu
SASI CIE,Tadepalligudem Andhra Pradesh
AIC STPINEXT INITIATIVES BENGALURU,Bengaluru Urban Karnataka
FASAL Centre of Entrepreneurship,Akola Maharashtra
Assam Startup,Guwahati Assam
NETRARIT FOUNDATION,Uran Islampur Maharashtra
Bhubaneswar City Knowledge Innovation Cluster Foundation,Bhubaneswar Odisha
IIM Jammu,Srinagar Jammu and Kashmir
IDEAS - Institute of Data Engineering Analytics and Science Foundation,Kolkata West Bengal
Innovation and Incubation Centre for Entrepreneurship,Bhopal Madhya Pradesh
Swami Technical and Development Foundation,Ahmednagar Maharashtra
GNLU Legal Incubation Council,Gandhinagar Gujarat
Har Prasad Gupt Incubation Foundation,Varanasi Uttar Pradesh
Dr Moopens iNEST,Wayanad Kerala
KALINGA INCUBATION FOUNDATION,Raipur Chhattisgarh
GALGOTIAS INCUBATION CENTRE FOR RESEARCH INNOVATION STARTUP and ENTREPRENEURS,Gautam Buddha Nagar Uttar Pradesh
OPJU Innovation Center,Raigarh Chhattisgarh
BPlan Advisors Private Limited,Raipur Chhattisgarh
I Hub Foundation for Cobotics,New Delhi Delhi
Hatchlab Research Centre,Guntur Andhra Pradesh
Sathak Innovation and Incubation Foundation,Chennai Tamil Nadu
IIM SAMBALPUR I-HUB FOUNDATION,Sambalpur Odisha
PLA,Bengaluru Karnataka
BITS PILANI HYDERABAD CAMPUS SOCIETY,Hyderabad Telangana
Sona Accelerator & Incubation Foundation,Salem Tamil Nadu
Mayank Giri,Marmagao Goa
Rohilkhand Incubation Foundation,Bareilly Uttar Pradesh
Atal Incubation Centre Manipur Technical University Innovation Foundation,Imphal West Manipur
NIT Warangal Innovation and Entrepreneurship Foundation,Warangal Urban Telangana
Ganesan Incubation and Entrepreneurship Centre,Kanchipuram Tamil Nadu
Andhra University Incubation Council,Visakhapatnam Andhra Pradesh
Janami Foundation,Allahabad Uttar Pradesh
Carmel Incubator Foundation,Bengaluru Urban Karnataka
Kalpataru CoE,Visakhapatnam Andhra Pradesh
Software Technology Parks of India Dehradun,Dehradun Uttarakhand
TIH Foundation for IoT and IoE,Mumbai Maharashtra
TIH-IoT,Mumbai Maharashtra
GU-TBI,Phagwara Punjab
Rohan Borgalli,Mumbai Maharashtra
Buddha Institute,South West Delhi Delhi
AIC SELCO Foundation,Guwahati Assam
Sri Venkateswara University,Tirupati Andhra Pradesh
MSCBU Incubation Foundation,Baripada Town Odisha
Chennai Institute Technology Business Incubation Forum,Kanchipuram Tamil Nadu
Icco,Kamrup Assam
JCB Technology Business Incubator,Faridabad Haryana
SYED AMMAL INNOVATION AND INCUBATION COUNCIL,Ramanathapuram Tamil Nadu
SPU MANDI INNOVATION AND ENTREPRENEURSHIP FOUNDATION,Mandi Himachal Pradesh
LVPEI Incubator,Hyderabad Telangana
Northeast Agriculture Technology Entrepreneurs Hub,Jorhat Assam
Nehru Group of Institutions Technology Business INcubator,Palakkad Kerala
Centre for Entrepreneurship,Nellore Andhra Pradesh
Research Innovation & Startup Ecosystem,Malappuram Kerala
SASTRA DEEMED TO BE UNIVERSITY,Thanjavur Tamil Nadu
NIT Raipur Foundation For Innovation and Entrepreneurship,Raipur Chhattisgarh
CIIE IIT (ISM) DHANBAD FOUNDATION,Dhanbad Jharkhand
AIC MIT ADT Incubator Forum,Pune Maharashtra
Massive Earth Foundation,Gurugram Haryana
Foundation for Science Innovation and Development,Bengaluru Urban Karnataka
Shri Mahalaxmi Shikshan Sansthan,Jodhpur Rajasthan
Nattraja Incubation Forum,Namakkal Tamil Nadu
SUK Research and Development Foundation,Kolhapur Maharashtra
APIARY - A Centre of Entrepreneurship in Blockchain Technology,Gurugram Haryana
CGC-J Technology Business Incubator Association,Sahibzada Ajit Singh Nagar Punjab
Remarkable Education Private Limited,Jodhpur Rajasthan
MREC-Business Incubation Centre,Medchal Malkajgiri Telangana
Mizoram University BioNEST,Aizawl Mizoram
Tholons Knowledge Management Pvt Ltd,Bengaluru Karnataka
Bundelkhand University Active Start Up and Incubation Council,Jhansi Uttar Pradesh
Navrachna Foundation for Entrepreneurship Development,Gautam Buddha Nagar Uttar Pradesh
REVA Aspiring youth foundation,Bengaluru Karnataka
SSN Incubation Foundation,Chennai Tamil Nadu
Student Incubation Cell,South Delhi Delhi
Chhatrapati Shahu Ji Maharaj Innovation Foundation,Kanpur Nagar Uttar Pradesh
PSIT Startup And Incubation Foundation,Kanpur Nagar Uttar Pradesh
VGU TBI Foundation,Jaipur Rajasthan
WASH Innovation Hub,Hyderabad Telangana
Vel Tech Technology Incubator,Tiruvallur Tamil Nadu
MUIT Incubation and Innovation Foundation (MIIF),Lucknow Uttar Pradesh
CU TBI,Mohali Punjab
Federation of Asian Biotech Associations,Hyderabad Telangana
Dr Anamika Dey,Ahmedabad Gujarat
Rathinam Business Park,Coimbatore Tamil Nadu
EDUCENTRE SCHOOL OF BUSINESS,Dimapur Nagaland
AIC-CVRAMAN COLLEGE OF ENGINEERING FOUNDATION,Bhubaneswar Odisha
Paavai Incubation Center,Namakkal Tamil Nadu
Startups Valley TBI,Kottayam Kerala
ICCW,Chennai Tamil Nadu
Anurag Vibhuti,East Delhi Delhi
Xavier Council of Innovation,Bhubaneswar Odisha
Charusat Innovative Ventures Foundation,Anand Gujarat
Sahrdaya TBII Hub,Thrissur Kerala
UDDYAM PAHSUI FOUNDATION,Solapur Maharashtra
Nutan Incubation Centre (NIC),Talegaon Dabhade Maharashtra
V Hub Innovation Centre,Tirupati Andhra Pradesh
NSUT IIF,South West Delhi Delhi
VITAP TBI FOUNDATION,Guntur Andhra Pradesh
Foundation for Innovation and Technology Transfer IIT Delhi,South Delhi Delhi
ACIC Mar Ephraem Incubation Forum,Kanyakumari Tamil Nadu
AIC Pinnacle Entrepreneurship Forum,Pune Maharashtra
Antrapreneur-the Business Incubator,Ahmedabad Gujarat
S V Innovation Foundation,Kadi Gujarat
Foundation for Innovation and Technology Transfer,South Delhi Delhi
DPSRU Innovation and Incubation Foundation,South Delhi Delhi
BITS BioCyTiH Foundation,Marmagao Goa
Krishna Educational Foundation,Vadodara Gujarat
Suyash Tripathi,Chennai Tamil Nadu
HBTU,Kanpur Nagar Uttar Pradesh
TIH-IoT,Mumbai Maharashtra
KR Mangalam Entrepreneurship and Incubation Center,Sohna Haryana
SPMVV-Women Biotech Incubation Facility SSIIE,Tirupati Andhra Pradesh
Technology Innovation Foundation of IIT Palakkad,Palakkad Kerala
ARAI Advance Mobility Transformation and Innovation Foundation AMTIF,Pune Maharashtra
SOA-CII,Bhubaneswar Odisha
Tagore Centre for Green Technology Business Incubation,Howrah West Bengal
SGBAU Research and Incubation Foundation,Amravati Maharashtra
A Hub,Visakhapatnam Andhra Pradesh
JNTUH TBI,Hyderabad Telangana
SDAU Rural Business Incubation Centre,Palanpur Gujarat
Incubation and Innovation Foundation VBS Purvanchal University,Jaunpur Uttar Pradesh
IVRI Pashu Vigyan Incubator,Bareilly Uttar Pradesh
STPINext OctaNE CoE, Uttar Pradesh
Innoscale Global Foundation,Gorakhpur Uttar Pradesh
International Automobile Centre of Excellence,Gandhinagar Gujarat
Incubein Foundation,Nagpur Maharashtra
IITI DRISHTI CPS FOUNDATION,Indore Madhya Pradesh
AIC INFED,Nagpur Maharashtra
Bundelkhand University Active Start-Up Incubation Council (BASIC),Jhansi Uttar Pradesh
Sreenidhi ASCEND,Hyderabad Telangana
CIMP Business Incubation & Innovation Foundation,Patna Bihar
GL Bajaj Center for Research and Incubation,Gautam Buddha Nagar Uttar Pradesh
Sri Sairm Techno Incubator Foundation,Chennai Tamil Nadu
NetEdge Incublator,Noida Uttar Pradesh
Ekta Incubation Centre,Nadia West Bengal
Sand Tank Startup Foundation (Axis Colleges),Kanpur Uttar Pradesh
BUNDELKHAND INNOVATION AND INCUBATION CENTER FOUNDATION,Jhansi Uttar Pradesh
ACIC-VGU Foundation,Jaipur Rajasthan
Startup Accelerator Chamber of Commerce,Mohali Punjab
Lemon Ideas Innovations Pvt Ltd,Nagpur Maharashtra
AIC-IIITH Foundation,Hyderabad Telangana
Grameena Incubation Center,Anakapalle Andhra Pradesh
Ideation Innovation & Incubation (I-3) Foundation,Varanasi Uttar Pradesh
Technology Business Incubator @ Kongu Engineering College,Erode Tamil Nadu
ACIC GIETU FOUNDATION,Rayagada Odisha
NAVSANCHAR INCUBATION AND CENTER FOR ENTREPRENEURSHIP FOUNDATION RECABN,Ambedkar Nagar Uttar Pradesh
Kurativz Technologies And Consultation Private Limited,Noida Uttar Pradesh
IIPH NIDHI TBI for Public Health Gandhinagar,Gandhinagar Gujarat
Mizoram University BioNEST,Aizawl Mizoram
Sharda Launchpad Foundation,Gautam Buddha Nagar Uttar Pradesh
Karunya Technology Business Incubation Park,Coimbatore Tamil Nadu
REVA NEST - TBI,Bengaluru Karnataka
Rural Business Incubator,Almora Uttarakhand
The StepUp Ventures,Bengaluru Urban Karnataka
Bennett Hatchery,Gautam Buddha Nagar Uttar Pradesh
Amrita TBI,Kollam Kerala
IIT Mandi Catalyst,Mandi Himachal Pradesh
AIC Mahindra e-Hub Foundation,Hyderabad Telangana
SIDDHAM INNOVATION AND BUSINESS INCUBATION CENTRE,Kolhapur Maharashtra
SPARK Incubation Centre,Sagar Madhya Pradesh
EDII Anna Business Incubation Research Foundation,Tiruchirappalli Tamil Nadu
VEC Centre for Research & Innovation Foundation Vardhaman Educational Society,Hyderabad Telangana
SANDIP TBI,Nashik Maharashtra
PERIYAR UNIVERSITY BUSINESS INCUBATION CONFEDERATION,Salem Tamil Nadu
Crest Innovations Foundation,New Delhi Delhi
IIMN Foundation for Entrepreneurship Development (InFED),Nagpur Maharashtra
Pusa Krishi,New Delhi Delhi
AIC@36Inc,Raipur Chhattisgarh
Centre for Innovation Incubation and Business Modelling,Jammu Jammu and Kashmir
G H Raisoni Technology Business Incubator Foundation,Nagpur Maharashtra
AIC MAHAMANA FOUNDATION FOR INNOVATION AND ENTREPRENEURSHIP IM BHU,Varanasi Uttar Pradesh
GNLU Legal Incubation Council,Ahmedabad Gujarat
Centre for Entrepreneurship Development and Incubation (CEDI),Tiruchirappalli Tamil Nadu
IIM Kashipur Foundation for Innovation and Entrepreneurship Development,Kashipur Uttarakhand
ACIC RISE ASSOCIATION,Mohali Punjab
Yenepoya Technology Incubator,Mangaluru Karnataka
SSIIE-Technology Business Incubator,Tirupati Andhra Pradesh
DBU TBI FOUNDATIONS,Fatehgarh Sahib Punjab
NASSCOM COE IOT,Bengaluru Karnataka
ACIC - KL Startups Foundation,Guntur Andhra Pradesh
ANGRAU RKVY Agri Business Incubator,Tirupati Andhra Pradesh
NATIONAL DESIGN BUSINESS INCUBATOR - AHMEDABAD,Ahmedabad Gujarat
DAVV Incubation Centre,Indore Madhya Pradesh
Sobus Ventures Incubator,Bengaluru Karnataka
AIC Nitte Incubation Centre,Udupi Karnataka
Karnavati Innovation and Incubation Foundation,Gandhinagar Gujarat
BIT TBI,Erode Tamil Nadu
IIT Guwahati TIDF BioNEST,Guwahati Assam
Innovation Mission Punjab,Sahibzada Ajit Singh Nagar Punjab
Centre for Incubation,Kolkata West Bengal
MOTION CoE,Pune Maharashtra
SGSITS Incubation Forum,Indore Madhya Pradesh
WeAiD - Incubator for Women Startps,Hyderabad Telangana
NETRARIT Foundation,Sangli Maharashtra
Rise Jhansi Incubation Center,Jhansi Uttar Pradesh
Vel Tech Technology Business Incubator,Tiruvallur Tamil Nadu
FOUNDATION FOR CfHE,Sangareddy Telangana
Digvijay Singh,Ahmedabad Gujarat
Jain University Incubation Centre,Bengaluru Karnataka
WISE SNDTWU Incubation Centre,Mumbai Maharashtra
UASB AIC,Bengaluru Urban Karnataka
Centre for Advancing and Launching Enterprises,Gandhinagar Gujarat
Dr Prashant Khande,Pune Maharashtra
AIC Pinnacle Entrepreneurship Forum,Pune Maharashtra
CCS NIAM Agri Business Incubator,Jaipur Rajasthan
AIC-PONDICHERRY ENGINEERING COLLEGE FOUNDATION,Pondicherry Puducherry
B Nest Foundation,Bhopal Madhya Pradesh
AIC ADT BARAMATI FOUNDATION,Baramati Maharashtra
BioNEST-BHU InnoResTech Foundation,Varanasi Uttar Pradesh
AIC SMU TECHNOLOGY BUSINESS INCUBATION FOUNDATION,Namchi Sikkim
AICNIFTTEA Incubation Centre for Textiles and Apparels,Tiruppur Tamil Nadu
SSCBS Innovation and Incubation Foundation,North West Delhi Delhi
Security and Scientific Technical Research Association,Gandhinagar Gujarat
ThinkTrans Foundation,Solapur Maharashtra
MedTech Centre of Entrepreneurship,Lucknow Uttar Pradesh
Institute for Industrial Development under the aegis of M/s Samadhan Samiti,Lucknow Uttar Pradesh
Bala Vikasa Center for Social and Responsible Business,Hyderabad Telangana
Electropreneur Park,South Delhi Delhi
RISE Foundation IISER,Kolkata West Bengal
APIARY,Gurugram Haryana
CHAMBER OF INDIAN MICRO SMALL AND MEDIUM ENTERPRISES,Central Delhi Delhi
MUTBI,Udupi Karnataka
OctaNE CoE,Guwahati Assam
Shantanu Patil,Kanchipuram Tamil Nadu
Research and Innovation Circle of Hyderabad,Hyderabad Telangana
CIET-TBI,Coimbatore Tamil Nadu
Startup Incubation & Innovation Foundation UPTTI Kanpur,Kanpur Nagar Uttar Pradesh
Nashik Engineering Cluster,Nashik Maharashtra
JSSATE STEP BANGALORE,Bengaluru Karnataka
Agri Business Incubation Foundation IIT Kharagpur,Kharagpur West Bengal
AIC SMU TECHNOLOGY BUSINESS INCUBATION FOUNDATION,Gangtok Sikkim
Chitkara innovation incubator foundation,Rajpura Punjab
AIC-JKLU (Atal Incubation Center-JK Lakshmipat University),Jaipur Rajasthan
BioNEST @ CSIR-IITR,Lucknow Uttar Pradesh
YouthNet Incubation Centre,Dimapur Nagaland
Electropreneur Park Bhubaneswar,Bhubaneswar Odisha
DBT_ILS Bioincubator,Bhubaneswar Odisha
AIC-Great lakes Balachandran Incubator,Chennai Tamil Nadu
SPARKLE,Mathura Uttar Pradesh
Dr Chandrashekhar Talathi,Pune Maharashtra
CIBA,South Goa Goa
MaDeIT Innovation Foundation,Chennai Tamil Nadu
Gujarat Student startups and innovation hub (i-hub),Ahmedabad Gujarat
INURTURE INCUBATION FOUNDATION,Ghaziabad Uttar Pradesh
PDEU Innovation and Incubation Centre,Gandhinagar Gujarat
Vignan TBI,Guntur Andhra Pradesh
IPU Innovation & Incubation Foundation,South West Delhi Delhi
Dr Ram Ghatak,South Delhi Delhi
Marathwada Accelerator for Growth and Incubation Council,Aurangabad Maharashtra
Vignan TBI,Guntur Andhra Pradesh
Navotthan Startup Foundation,Kannauj Uttar Pradesh
Sharda Launchpad Federation,Noida Uttar Pradesh
Shobhit University,Meerut Uttar Pradesh
Udhmodya Foundation,Delhi Delhi
ACIC-Audisankara Innovation and Incubation centre,Gudur Andhra Pradesh
AIC Banasthali Vidyapith Foundation,Tonk Rajasthan
AIC - SKU Confederation,Anantapur Andhra Pradesh
KIIC,Kozhikode Kerala
ASSOCIATION FOR HARNESSING INNOVATION AND ENTREPRENEURSHIP,Surat Gujarat
AIC-AMTZ MEDIVALLEY INCUBATION COUNCIL,Visakhapatnam Andhra Pradesh
AIC BV Foundation,Patna Bihar
JISIC Foundation,Tiruvallur Tamil Nadu
Dr Praveen Kumar CEO FIST IIT Patna,Patna Bihar
Meraj Faheem,Hyderabad Telangana
Medicaps Innovation and Incubation Foundation,Indore Madhya Pradesh
Sathyabama Technology Business Incubator,Chennai Tamil Nadu
BIONEST-IASST (ISVEC),Guwahati Assam
AIC Jyothy Institute of Technology Foundation,Bengaluru Urban Karnataka
Entrepreneurship Promotion and Incubation Council,Ambala Haryana
AITH Incubation and Startup Foundation,Kanpur Nagar Uttar Pradesh
Mizone,Kannur Kerala
BSSS Incubation Centre,Bhopal Madhya Pradesh
Presidency Launch Pad Association,Bengaluru Rural Karnataka
Startify,Chennai Tamil Nadu
CIED IUST Foundation,Pulwama Jammu and Kashmir
TCE Technology Business Incubator,Madurai Tamil Nadu
Crescent Innovation and Incubation Council,Chennai Tamil Nadu
Parul Innovation and Entrepreneurship Research Center,Vadodara Gujarat
ASPIRE University of Hyderabad,Hyderabad Telangana
Biopharma Incubation Center NIPER Ahmedabad,Gandhinagar Gujarat
Women Innovation and Entrepreneurship Foundation,Gautam Buddha Nagar Uttar Pradesh
ACIC SGTU,Gurugram Haryana
IIMV Foundation for Incubation Entrepreneurial Learning and Development,Visakhapatnam Andhra Pradesh
BBB RCB Faridabad,Faridabad Haryana
Catalyst for Women Entrepreneurship,Bengaluru Karnataka
Chandigarh University Technology Business Incubator,Mohali Punjab
CIPET CTEF INNOVEX,Bhubaneswar Odisha
IICE (Innovation & Incubation Centre for Entrepreneurship) BMU Surat,Navi Mumbai Maharashtra
Baba Farid School of Entrepreneurship,Bathinda Punjab
AIC NIFTEA Incubation centre,Tiruppur Tamil Nadu
Bilaspur Incubation centre,Bilaspur Chhattisgarh
Vishnu Foundation TBI,Bhimavaram Andhra Pradesh
AAU Incubation Center,Anand Gujarat
SVCET TBI,Chittoor Andhra Pradesh
AIC Prestige Inspire Foundation,Indore Madhya Pradesh
IIT BHUBANESWAR RESEARCH AND ENTREPRENEURSHIP PARK,Bhubaneswar Odisha
AIC BAMU FOUNDATION,Aurangabad Maharashtra
Gwalior Smart City Incubation centre,Gwalior Madhya Pradesh
Satna Incubation Centre,Satna Madhya Pradesh
accerator,Agra Uttar Pradesh
Vignana Jyothi Foundation for Entrepreneurial Excellence,Hyderabad Telangana
NCAM,Hyderabad Telangana
IIT Jodhpur Technology Innovation and Startup Center,Jodhpur Rajasthan
MIET Incubation Forum,Meerut Uttar Pradesh
VISHNU FOUNDATION TBI,Bhimavaram Andhra Pradesh
VJTI Technology Business Incubator,Mumbai Maharashtra
VJTI-Technology Business Incubator,Mumbai Maharashtra
a-IDEA ICAR NAARM,Ranga Reddy Telangana
SRiX_SR Innovation Exchange,Warangal Telangana
IMI INCUBATION FOUNDATION,Bhubaneswar Odisha
AMET Centre for Entrepreneurship Innovation and Incubation,Chennai Tamil Nadu
Tula's Technology Business Incubator Foundation (TTBIF),Dehradun Uttarakhand
IISR ABI,Kozhikode Kerala
IIMT BUSINESS INCUBATOR,Meerut Uttar Pradesh
TEXMiN TBI,Dhanbad Jharkhand
NIFT Foundation for Design Innovation,South Delhi Delhi
AIC-RNTU Foundation,Bhopal Madhya Pradesh
Annamalai innovation and Incubation Research Foundation EDII,Cuddalore Tamil Nadu
STEP,Ghaziabad Uttar Pradesh
AIC GIM Foundation,North Goa Goa
AIC BHU,Varanasi Uttar Pradesh
SONA INCUBATION FOUNDATION,Salem Tamil Nadu
NRDC,South Delhi Delhi
FOUNDATION FOR INNOVATORS IN SCIENCE AND TECHNOLOGY IIT PATNA,Patna Bihar
AI4ICPS.in (IIT Kharagpur AI4ICPS I Hub Foundation),Kharagpur West Bengal
AIC Raise,Coimbatore Tamil Nadu
IIT Mandi iHub and HCI Foundation,Mandi Himachal Pradesh
AIC STPI Bengaluru,Bengaluru Urban Karnataka
KR Innovation Centre,Thoothukudi Tamil Nadu
Navyug Navachar Foundation,Lucknow Uttar Pradesh
ISEED,Anand Gujarat
spic,Chandigarh Chandigarh
Atal Incubation Centre - Manipal University Jaipur,Jaipur Rajasthan
Centre for Innovation Incubation and Entrepreneurship,Srinagar Jammu and Kashmir
RAISE Foundation,Bijnor Uttar Pradesh
Baba Farid School of Entrepreneurship,Bathinda Punjab
IIT Ropar Technology Business Incubator Foundation,Rupnagar Punjab
OctaNE CoE STPI Guwahati, Uttar Pradesh
IKP EDEN,Bengaluru Karnataka
Sreenidhi ASCEND,Hyderabad Telangana
IIT Patna Vishlesan I Hub Foundation,Patna Bihar
VGU-TBI Trust,Jaipur Rajasthan
I-Hub Foundation for Cobotics,South Delhi Delhi
RMKEC INCUBATION CENTER,Chennai Tamil Nadu
ACICKIF,Srivilliputhur Tamil Nadu
Sri Sairm Techno Incubator Foundation,Chennai Tamil Nadu
91 Springboard Business Hub Private Limited,Delhi Delhi
NSUTIIF,South West Delhi Delhi
AIC-ISE Foundation,Mehsana Gujarat
TiLi Incubator,Aizawl Mizoram
AIC-DSU Innovation Foundation,Bengaluru Karnataka
NGI TBI,Coimbatore Tamil Nadu
Alsisar Impact Social Ventures Foundation,Mumbai Maharashtra
SIMAT TBI,Palakkad Kerala
TCE TBI,Madurai Tamil Nadu
4TUNE FACTORY FOUNDATION,Ernakulam Kerala
ECH- Incubation Centre University of Rajasthan,Jaipur Rajasthan
Meerut Udyami foundation,Meerut Uttar Pradesh
EKTA TBI,Nadia West Bengal
GIAN,Ahmedabad Gujarat
TISS Incube Foundation,Mumbai Maharashtra
SELCO Foundation,Bengaluru Karnataka
Dr Renuka Sharma,Gautam Buddha Nagar Uttar Pradesh
BUNDELKHAND INNOVATION AND INCUBATION CENTER FOUNDATION,Jhansi Uttar Pradesh
CUSATECH Foundation,Kochi Kerala
Incubator profile,Chandigarh Chandigarh
Florence International,Howrah West Bengal
WaterBank,Latehar Jharkhand
GVRIKSH,Delhi Delhi
The/Nudge Institute,Bengaluru Karnataka
Surge Impact Foundation,Hyderabad Telangana
IITJ Technology Innovation and Startup Center,Jodhpur Rajasthan
Foundation for CfHE,Sangareddy Telangana
Ganesan incubation and entrepreneurship center,Kanchipuram Tamil Nadu
Gujarat student startup and innovation hub,Ahmedabad Gujarat
SSN Incubation Foundation,Chennai Tamil Nadu
SPARKL,Mathura Uttar Pradesh
down town Venture Labs foundation,Guwahati Assam
ACIC-BMU Foundation,Gurugram Haryana
Navsanchar Incubation and Centre for Entrepreneurship NICE REC Ambedkar Nagar,Ambedkar Nagar Uttar Pradesh
WISE (DUK),Thiruvananthapuram Kerala
WEneurs Forum,Bhubaneswar Odisha
National Forensic Sciences University (Forensic Innovation Center),Gandhinagar Gujarat
Foundation for Innovation and Social Entrepreneurship (Atal Incubation Centre),North West Delhi Delhi
KLE CTIE Centre for Technology Innovation and Entrepreneurship,Hubli-Dharwad Karnataka
NITJ Technology Business Incubator,Jalandhar Punjab
INCeNSE,Bengaluru Urban Karnataka
J-Hub JNTUH,Hyderabad Telangana
The NorthCap Incubation and Innovation Centre,Karnal Haryana
SPARKLE CINE FOUNDATION,Mysuru Karnataka
TEST INC,Chandigarh Chandigarh
Sanctuary of Innovation Incubation and Entrepreneurship (SIIE) SRISTI-BioNEST,Gandhinagar Gujarat
Hindusthan Innovative Product Development Centre,Coimbatore Tamil Nadu
DBU TBI Foundations Desh Bhagat University,Fatehgarh Sahib Punjab
Dr APJ Abdul Kalam COE in Innovation and Entrepreneurship,Chennai Tamil Nadu
IIHMR Startups,Jaipur Rajasthan
SSUInnovation Foundation,Cuttack Odisha
Technology Innovation Foundation of IIT Palakkad(TECHIN),Palakkad Kerala
BSSS Incubation Centre,Bhopal Madhya Pradesh
IIPH NIDHI TBI for Public Health Gandhinagar,Gandhinagar Gujarat
TBI NIT Calicut,Kozhikode Kerala
Biotechnology Incubation Centre,Shimla Himachal Pradesh
Guwahati Biotech Park Technology Incubation Centre,Guwahati Assam
Institution of Industrial Research and Development Confederation,Kochi Kerala
Atal Incubation Centre - Ambedkar University Delhi Foundation,North Delhi Delhi
Startup Incubation and Innovation Centre UPTTI Kanpur,Kanpur Nagar Uttar Pradesh
The ICFAI Foundation for Higher Education Innovation & Entrepreneurship Council (IIEC),Hyderabad Telangana
DSEU,Delhi Delhi
Rural Business Incubator,Almora Uttarakhand
JNTUH TBI,Hyderabad Telangana
Surbhi Gupta, Haryana
IIT Ropar - Technology and Innovation Foundation (AWaDH),Rupnagar Punjab
Centre for Agribusiness Incubation and Entrepreneurship,Gwalior Madhya Pradesh
Avishkaran the BioNEST of NIPER Hyderabad,Hyderabad Telangana
K L Technology Incubators Foundation,Vijayawada Andhra Pradesh
SHRI SHANKARACHARYA BUSINESS INCUBATOR FOUNDATION,Durg Chhattisgarh
ACIC GIET UNIVERSITY FOUNDATION,Rayagada Odisha
E-Hub Mahindra University,Hyderabad Telangana
IITJ TISC,Jodhpur Rajasthan
SDAU Rural Business Incubation Centre,Palanpur Gujarat
IIT GUWAHATI TECHNOLOGY INCUBATION CENTRE,Guwahati Assam
IIT Bhilai Innovation and Technology Foundation,Raipur Chhattisgarh
VENTURE DEVELOPMENT CENTRE,Visakhapatnam Andhra Pradesh
MCC-MRF IP,Chennai Tamil Nadu
Science & Technology Entrepreneurs park,Ludhiana Punjab
ACIC IIT (ISM) Foundation,Dhanbad Jharkhand
KR Innovation Centre,Thoothukudi Tamil Nadu
Biopharma Incubation Center NIPER Ahmedabad,Gandhinagar Gujarat
Uddyam PAHSUI Foundation Solapur,Solapur Maharashtra
Atal incubation Centre ICAR-National Dairy Research Institute Bengaluru,Bengaluru Karnataka
Food Tech Research & Incubation Centre- FTRIC,Kozhikode Kerala
Mizoram University Incubation Centre,Aizawl Mizoram
a-IDEA Technology Business Incubator of ICAR NAARM,Hyderabad Telangana
G H Raisoni Technology Business Incubator Foundation (GHRTBIF),Nagpur Maharashtra
Future AgriNest Farming Solutions Private Limited,Hyderabad Telangana
Sanskriti Centre for Incubation & Entrepreneurial Training (SCIET),Haridwar Uttarakhand
Grameena Incubation Center,Anakapalle Andhra Pradesh
Qualcomm Design in India Challenge,Bengaluru Karnataka
BioValley Incubator,Visakhapatnam Andhra Pradesh
ROORKEE INSTITUTE OF TECHNOLOGY- TECHNOLOGY BUSINESS INCUBATOR(RIT-TBI),Roorkee Uttarakhand
Agri Business Incubation Foundation,Kharagpur West Bengal
Anupam Innovation & Incubation Center,Bhopal Madhya Pradesh
Ideation Innovation and Incubation Foundation,Varanasi Uttar Pradesh
AIC IIT Delhi,Sonipat Haryana
SEMICONDUCTOR FABLESS ACCELERATOR LAB,Bengaluru Urban Karnataka
AIC-AMTZ MEDIVALLEY INCUBATION COUNCIL,Visakhapatnam Andhra Pradesh
SGSITS INCUBATION FORUM,Indore Madhya Pradesh
Poorvanchal Incubation Council,Gorakhpur Uttar Pradesh
Galgotias Incubation Centre for Research Innovation Start-Up and Entrepreneurship (GIC-RISE),Gautam Buddha Nagar Uttar Pradesh
TIIC ABV IIITM Gwalior,Gwalior Madhya Pradesh
Entrepreneurial Development Council,Noida Uttar Pradesh
Science Technology & Entrepreneurship Park,Patiala Punjab
SSCBS Innovation and Incubation Foundation,North West Delhi Delhi
CIIE Initiatives,Ahmedabad Gujarat
Snad Tank Startup Foundation,Kanpur Uttar Pradesh
IIPH NIDHI TBI for Public Health Gandhinagar,Gandhinagar Gujarat
BIT TBI,Erode Tamil Nadu
I-DAPT-HUB FOUNDATION,Varanasi Uttar Pradesh
Kurativz Technologies Private Limited,Noida Uttar Pradesh
AIC Raise,Coimbatore Tamil Nadu
Jai Hind College Incubator and Accelerator Centre,Mumbai Maharashtra
DTU-Innovation and incubation foundation,North West Delhi Delhi
Tagore Centre for Green Technology Business Incubation,Kolkata West Bengal
SRM Innovation Incubation & Entrepreneurship Center,Chennai Tamil Nadu
Foundation for Sandboxstartup Initiatives - Deshpande Startups,Hubli-Dharwad Karnataka
New Age Innovation Network KLS VDIT Haliyal,Karwar Karnataka
Project and Innovation Lab,Ahmedabad Gujarat
Idea lab,Ghaziabad Uttar Pradesh
UASB Agri Innovation Center,Bengaluru Urban Karnataka
KURUKSHETRA UNIVERSITY TECHNOLOGY INCUBATION CENTRE,Kurukshetra Haryana
NIF Incubation and Entrepreneurship Council,Gandhinagar Gujarat
Centre for Innovation Incubation and Linkages forum,Pune Maharashtra
Technopreneurs Surrogate Ventures,North 24 Parganas West Bengal
AIC-IIITH Foundation,Hyderabad Telangana
Karnavati Innovation and Incubation Foundation,Ahmedabad Gujarat
NETRARIT Foundation,Uran Islampur Maharashtra
REC Sonbhadra Incubation Center,Sonbhadra Uttar Pradesh
SIDDHAM INNOVATION AND BUSINESS INCUBATION CENTRE,Kolhapur Maharashtra
AMITY INNOVATION INCUBATOR - LUCKNOW,Lucknow Uttar Pradesh
EDII- KILLIKULAM AGRIBUSINESS INCUBATION FORUM,Thoothukudi Tamil Nadu
IIMBG INSPIRE,Gaya Bihar
TIDES,Roorkee Uttarakhand
Pilani Innovation and Entrepreneurship Development Society,Pilani Rajasthan
Pilani Innovation and Entrepreneurship Development Society,Pilani Rajasthan
BioNEST BHU,Varanasi Uttar Pradesh
AIC BAMU FOUNDATION,Aurangabad Maharashtra
BioNEST Bioincubator Ahmedabad University,Ahmedabad Gujarat
Association for Innovation Development of Entrepreneurship in Agriculture,Hyderabad Telangana
IIMT BUSINESS INCUBATION CENTRE,Meerut Uttar Pradesh
Heal The World Global Innovation Hub,Pune Maharashtra
Center for Innovation and Incubation(CII),Bhubaneswar Odisha
SPPU Research Park Foundation,Pune Maharashtra
SPARK Incubation Centre,Sagar Madhya Pradesh
The StepUp Ventures,Bengaluru Urban Karnataka
NAIN INCUBATION CENTRE KLE Dr. MSSCET Belagavi,Belagavi Karnataka
TexMin TBI IIT (ISM) Dhanbad,Dhanbad Jharkhand
CUSAT TBI,Ernakulam Kerala
VHub incubation centre,Hyderabad Telangana
ABLEST,Thanjavur Tamil Nadu
CPU Pioneer Incubator,Hamirpur Himachal Pradesh
SKIIE,Srinagar Jammu and Kashmir
ACIC-VGU Foundation,Jaipur Rajasthan
AICNIFTTEA,Tiruppur Tamil Nadu
NESCO FOUNDATION FOR INNOVATION AND DEVELOPMENT,Anand Gujarat
Agribusiness Incubator,Thrissur Kerala
Periyar TBI,Thanjavur Tamil Nadu
SIDDAGANGA TBI,Tumakuru Karnataka
K-tech Innovation Hub powered by IKP- Shivamogga,Shivamogga Karnataka
K-tech Innovation Hub - Powered by IKP Mangalore,Mangaluru Karnataka
AIC Jyothy Institute of Technology Foundation,Bengaluru Rural Karnataka
Centre for Cellular and Molecular Platforms,Bengaluru Karnataka
Indian Council for Technical Research and Development,Nagpur Maharashtra
Centre for Entrepreneurship Opportunities & Learning - CEOL Mangalore,Dakshina Kannada Karnataka
BUSINESS INCUBATOR IIM SAMBALPUR,Sambalpur Odisha
K-tech Innovation Hub Powered by IKP,Belagavi Karnataka
AIC AnnaIncubator,Chennai Tamil Nadu
Karpaga Vinayaga Incubation Centre,Chennai Tamil Nadu
BEC - New Age Innovation Network (NAIN),Bagalkot Karnataka
MOTION CoE,Pune Maharashtra
K-tech Innovation Hub Powered by IKP,Bengaluru Karnataka
FICCI LEAD,Delhi Delhi
INCeNSE,Bengaluru Karnataka
Incubator for Social Enterprises and Entrepreneurs Development (iSEED),Anand Gujarat
GL Bajaj TBI,Gautam Buddha Nagar Uttar Pradesh
Center of Innovation Incubation Entrepreneurship and Industry Relations (CIIEIR) IIT INDORE,Indore Madhya Pradesh
NASSCOM 10000 Startups,Noida Uttar Pradesh
Symbiosis Centre for Entrepreneurship & Innovation,Pune Maharashtra
Galgotias Incubation Center for Research Innovation Startup and Entrepreneurs,Gautam Buddha Nagar Uttar Pradesh
ElectropreneurParkBhubaneswar,Bhubaneswar Odisha
Foundation of MakeItHappen Center for InventionInnovation and Incubation,Pune Maharashtra
AIC IISER PUNE SEED FOUNDATION,Pune Maharashtra
GEC PALAKKAD,Palakkad Kerala
SPREAD LOVE HAPPINESS AND PEACE FOUNDATION,Delhi Delhi
Ihub Gujarat,Ahmedabad Gujarat
VAYAVE PRIVATE LIMITED,Pune Maharashtra
MANAGE - Centre for Innovation and Agriprenuership,Hyderabad Telangana
Rajasthan State Industrial Development and Investment Corporation,Jaipur Rajasthan
AIC - B V Foundation,Patna Bihar
AIC SURATi iLAB Foundation,Surat Gujarat
Technology Business Incubator NIT Calicut,Kozhikode Kerala
SANSKRITI UNIVERSITY BUSINESS INCUBATION CENTER,Mathura Uttar Pradesh
TMU BUSINESS INCUBATION CENTER,Moradabad Uttar Pradesh
Life Science Incubator IKP Knowledge Park,Hyderabad Telangana
BITTBI,Erode Tamil Nadu
SARABHAI INSTITUTE OF SCIENCE&TECHNOLOGY,Thiruvananthapuram Kerala
AIC Prestige Inspire Foundation,Indore Madhya Pradesh
BPIBS KNOWLEDGE & INNOVATION FOUNDATION,East Delhi Delhi
SKY ( Startup Kendra for You),Thiruvalla Kerala
Foundation for Innovation and Technology Transfer,New Delhi Delhi
IAMAI Mobile10x,Bengaluru Karnataka
ISTS Women's Engineering College,East Godavari Andhra Pradesh
Space Entrepreneurship Centre Private Limited,Bhopal Madhya Pradesh
STPIFinBlue,Chennai Tamil Nadu
Foundation for Technology & Business Incubation (FTBI),Rourkela Odisha
THINK B,Jagdalpur Chhattisgarh
EDII Anna Business Incubation Research Foundation,Tiruchirappalli Tamil Nadu
Agribusiness Incubation Centre ICAR RC NEH,Ri Bhoi Meghalaya
Dream Team Technologies Private Limited,Jodhpur Rajasthan
Pilani Innovation & Entrepreneurship Development Society,Pilani Rajasthan
AIC - SKU Ananthapuram,Anantapur Andhra Pradesh
MLR Education Foundation TBI,Hyderabad Telangana
VentureStudio - Ahmedabad University Support Foundation,Ahmedabad Gujarat
CIPET:SARP-ARSTPSINNOVEX LAB,Chennai Tamil Nadu
Harinikumar K M Coordinator Agri innovation center UASB,Bengaluru Karnataka
CIIE Initiatives,Ahmedabad Gujarat
The Framework : Startup Incubation Center,Jaipur Rajasthan
MSME-Technology Development Centre PPDC Meerut,Meerut Uttar Pradesh
Startup Accelerator Chamber of Commerce,Panchkula Haryana
Antrapreneur-The Business Incubator A unit of L J Knowledge Foundation,Ahmedabad Gujarat
Technology Business Incubator @ Kongu Engineering College,Erode Tamil Nadu
Agri Business Incubator SKUAST Jammu,Jammu Jammu and Kashmir
Ideas to Impacts Hub,Pune Maharashtra
Hunarship - Building Incubating & scaling,Jodhpur Rajasthan
Amity Technology Incubator,Noida Uttar Pradesh
i-RISE (TBI-IISER Mohali),Mohali Punjab
ASSOCIATION FOR INCUBATION AND BUSINESS ACCELERATORS OF INDIA,New Delhi Delhi
Prakousol NIT Arunachal Pradesh,Papum Pare Arunachal Pradesh
DPSRU Innovation and Incubation Foundation,Delhi Delhi
SSIIE-TBI,Tirupati Andhra Pradesh
RESEARCH INNOVATIONS SPONSORED PROJECTS & ENTREPRENEURSHIP(RISE),Mohali Punjab
AIC BAMU Foundation,Aurangabad Maharashtra
Starburst Aerospace,Mumbai Maharashtra
Maker Village,Ernakulam Kerala
Kalasalingam Academy of Research and Education,Srivilliputhur Tamil Nadu
NGI TBI,Coimbatore Tamil Nadu
National CoE for Cyber Security Technology Development & Entrepreneurship,Gautam Buddha Nagar Uttar Pradesh
Sigma Entrepreneurship Development & Incubation Centre (SEDIC),Vadodara Gujarat
AICNitte Incubation Centre,Udupi Karnataka
Manipal GoK Bioincubator,Udupi Karnataka
K-tech CoE Aerospace & Defence,Bengaluru Karnataka
Starthub Nation,Mohali Punjab
IIT Ropar TBIF,Rupnagar Punjab
Villgro Innovations Foundation,Chennai Tamil Nadu
AIC NMIMS,Mumbai Maharashtra
DALIT INDUSTRIES ASSOCIATION,Patna Bihar
CIIE CTTC Bhubaneswar,Bhubaneswar Odisha
RTBI JECRC,Jaipur Rajasthan
Centre for Incubation and Business Acceleration,Marmagao Goa
Chitkara Innovation Incubator Foundation,Chandigarh Chandigarh
Centre for Advancing and Launching Enterprises - CrAdLE,Gandhinagar Gujarat
IIML Enterprise Incubation Center,Noida Uttar Pradesh
AIC-MIT ADT Incubator Forum,Pune Maharashtra
T-Hub Foundation,Hyderabad Telangana
AICGIM,North Goa Goa
Crescent Innovation and Incubation Council,Chennai Tamil Nadu
Dayananda Sagar Entrepreneurship Research and Business Incubation (DERBI ) Foundation,Bengaluru Karnataka
Technology Business Incubator- Graphic Era University,Dehradun Uttarakhand
KBCNMU Centre for Innovation Incubation and Linkages,Jalgaon Maharashtra
IIITD Innovation and Incubation Center,South Delhi Delhi
GU INCUBATION INNOVATION TECHNOLOGY AND APPLIED RESEARCH COUNCIL,Vadodara Gujarat
IISC Knit Sultanpur,Sultanpur Uttar Pradesh
Innovative Entrepreneurship Development Center (IEDC),Shirpur-Warwade Maharashtra
IIMK LIVE,Kozhikode Kerala
CVRCE Technology Innovation Foundation,Bhubaneswar Odisha
Catalyst Atal Incubation Centre,Jaipur Rajasthan
R-ABI Mizoram,Aizawl Mizoram
Mayur kundan nikure,Nagpur Maharashtra
ACIC RISE ASSOCIATION,Mohali Punjab
NSRCEL IIMB,Krishnagiri Tamil Nadu
EDII Tiruchirappalli Agribusiness Incubation Forum,Tiruchirappalli Tamil Nadu
Agri and Food Business Incubator,Anand Gujarat
Mahatma Education Society's Pillai Centre of Innovation and Entrepreneurship,Panvel Maharashtra
KALCHURI LNCT GROUP INCUBATION CENTER,Bhopal Madhya Pradesh
EdVenture Incubation Foundation,Hyderabad Telangana
Sharda Launchpad Foundation,Gautam Buddha Nagar Uttar Pradesh
VCorp,Ghaziabad Uttar Pradesh
MIET Incubation Forum,New Delhi Delhi
AIC-Prestige Inspire Foundation,Indore Madhya Pradesh
Atal Incubation Centre - Pondicherry Engineering College Foundation,Pondicherry Puducherry
SCIFI IIM Lucknow,Lucknow Uttar Pradesh
FabCi IIT Hyderabad,Hyderabad Telangana
INURTURE INCUBATION FOUNDATION,Ghaziabad Uttar Pradesh
wolk india,South Delhi Delhi
NEC Business Incubator,Thoothukudi Tamil Nadu
BIL-Ryerson Technology Startup Incubator Foundation (BRTSIF),Mumbai Maharashtra
PC IEDC,Pune Maharashtra
North East Agriculture Technology Entrepreneurs Hub,Jorhat Assam
INDRADHANUSH TBI,Dehradun Uttarakhand
NRRI-ABIs,Cuttack Odisha
SIIF (SSCBS Innovation and Incubation Foundation),Delhi Delhi
Malla Reddy Foundation for Research and Innovation,Hyderabad Telangana
COF RABI,Agartala Tripura
K-tech Innovation Hub NASSCOM,Bengaluru Karnataka
Gopalakrishnan-Deshpande Centre for Innovation & Entrepreneurship,Chennai Tamil Nadu
Ganpat University Incubation Centre,Mehsana Gujarat
IIITH Foundation (CIE IIIT Hyderabad),Hyderabad Telangana
Parul Innovation and Entrepreneurship Research Centre,Vadodara Gujarat
AIC N/Core,Bengaluru Karnataka
Bihar Industries Association,Patna Bihar
Osmania Technology Business Incubator,Hyderabad Telangana
T Works Foundation,Hyderabad Telangana
CIET-TBI,Coimbatore Tamil Nadu
91springboard,Mumbai Maharashtra
UPES Council for Innovation and Entrepreneurship,Dehradun Uttarakhand
RKVY-RAFTAAR Agri Business Incubator,Varanasi Uttar Pradesh
ATAL INCUBATION CENTER GUJARAT TECHNOLOGICAL UNIVERSITY,Ahmedabad Gujarat
Centre for Advancing and Launching Enterprises,Gandhinagar Gujarat
Atal Incubation Hub HBTU,Kanpur Uttar Pradesh
AIC-ISE FOundation,Mehsana Gujarat
GoBizLab - Centre for Innovation & Entrepreneurship Development,Mumbai Maharashtra
Mizoram University BioNEST,Aizawl Mizoram
NAIN-New Age Innovation Network Center. SDM College of Engineering and Technology. Dharwad-580 002.,Dharwad Karnataka
New Age Innovation Network [NAIN] Centre - NMAM Institute of Technology Nitte,Udupi Karnataka
GLOBAL INCUBATION SERVICES,Bengaluru Karnataka
NAIN District Innovation Hub at The National Institute of Engineering,Mysuru Karnataka
AIIRF-EDII {Annamalai Innovation and Incubation Research Foundation},Cuddalore Tamil Nadu
NAIN Centre at PACE,Mangaluru Karnataka
New Age Innovation Network Center Sahyadri College of Engineering and Management,Mangaluru Karnataka
New Age Innovation Network [NAIN] Bapuji Institute of Engineering & Technology,Davanagere Karnataka
ASPIREBIONEST,Hyderabad Telangana
Virtual Pitching by Indian Startups in Agri Value Chain and Processing Sector,Gurugram Haryana
K-Tech Innovation Hub New age Innovation Network(NAIN) Center,Kalaburagi Karnataka
AIC-NMIMS,Mumbai Maharashtra
NIFT Foundation for Design Innovation,South Delhi Delhi
Yenepoya Technology Incubator,Mangaluru Karnataka
Crest Innovations Foundation,New Delhi Delhi
NICE Program,Hyderabad Telangana
CIIE.CO,Ahmedabad Gujarat
Centre for Innovation Technology Transfer and Industry Collaboration CUSAT-TBI,Kochi Kerala
JECRC Incubation Centre,Jaipur Rajasthan
AFBIC IITKGP,Kharagpur West Bengal
603 The CoWorking Space India,Mumbai Maharashtra
YCCE TBI Foundation,Nagpur Maharashtra
SBRR Mahajana First Grade College,Mysuru Karnataka
PERIYAR UNIVERSITY BUSINESS INCUBATION CONFEDERATION,Salem Tamil Nadu
New Age Innovation Network[NAIN]-Rao Bahadur Y Mahabaleshwarappa College Of Engineering -,Ballari Karnataka
SIIE SRISTI BioNEST,Ahmedabad Gujarat
ARTILAB Foundation,Bengaluru Karnataka
AIC CCRI CED,Bengaluru Karnataka
SJCE NAIN,Mysuru Karnataka
MITE NAIN INCUBATION CENTER,Mangaluru Karnataka
AIC-SMU Technology Business Incubation Foundation (AIC-SMUTBI),Gangtok Sikkim
IIMUIC,Udaipur Rajasthan
Technology Business Incubator - NIET,Noida Uttar Pradesh
World Youth Heart Federation,Vadodara Gujarat
Nexus Incubator Hub,New Delhi Delhi
DareToDream,New Delhi Delhi
IISU Incubation Centre,Jaipur Rajasthan
Amit Singal,Gurugram Haryana
StartupVisors,Delhi Delhi
AIC Nalanda Institute of Technology Foundation,Bhubaneswar Odisha
IIMV Foundation for Incubation Entrepreneurial Learning and Development,Visakhapatnam Andhra Pradesh
Savli Technology and Business Incubator,Vadodara Gujarat
Centre for Innovation & Entrepreneurship,Shivamogga Karnataka
SPPU Research Park Foundation,Pune Maharashtra
Samruddhi TBI Foundation,Sangli Maharashtra
MIT Pune TBI,Pune Maharashtra
BVCIE PATNA,Patna Bihar
IIMT UNIVERSITY MEERUT,Meerut Uttar Pradesh
MaDeIT Innovation Foundation,Chennai Tamil Nadu
NETRARIT FOUNDATION - NRiT,Sangli Maharashtra
Technology Business Incubator Narula Institute of Technology,Kolkata West Bengal
Agri Business Incubation Society,Coimbatore Tamil Nadu
Narayana Engineering College Gudur,Gudur Andhra Pradesh
NIKHIL SHARMA,Gurugram Haryana
IMI Incubation Foundation,Bhubaneswar Odisha
PSG-Science & Technology Entrepreneurial Park (PSG-STEP),Coimbatore Tamil Nadu
STARTUPS VALLEY AMAL JYOTHI TBI,Kottayam Kerala
DPSRU,New Delhi Delhi
Centre for Incubation and Business Acceleration,Marmagao Goa
IGNITE - Incubator & Co-Working Space,Ahmedabad Gujarat
METTUPALAYAM AGROFORESTRY BUSINESS INCUBATION FORUM,Coimbatore Tamil Nadu
GUWAHATI BIOTECH PARK,Guwahati Assam
Society for Innovation in Entrepreneurship and Dairying (SINED) Technology Business Incubator,Karnal Haryana
AIC CCMB,Hyderabad Telangana
Sir Padampat Singhania University Business Incubator,Udaipur Rajasthan
IIITD Innovation & Incubation Center,New Delhi Delhi
GUWAHATI BIOTECH PARK,Guwahati Assam
NABARD MABIF,Madurai Tamil Nadu
RCOEM TBI FOUNDATION,Nagpur Maharashtra
Propel @ BML Munjal University,Gurugram Haryana
AIHT-TBI,Chennai Tamil Nadu
NASSCOM Center of Excellence - IoT & AI,Gurugram Haryana
DIT Technology Business Incubator,Dehradun Uttarakhand
NATIONAL RESEARCH DEVELOPEMENT CORPORATION NEW DELHI,New Delhi Delhi
SSIIETBI2017,Tirupati Andhra Pradesh
Atal Incubation Center IIITKottaym,Palai Kerala
Centre for Innovation and Agripreneurship,Hyderabad Telangana
Sign-In Business Incubator,Siliguri West Bengal
Integrated Socio-Economic Development Services (ISED Services),Bhopal Madhya Pradesh
NSRCEL,Bengaluru Karnataka
AIC ALEAP,Hyderabad Telangana
AGBI,Chennai Tamil Nadu
Atal Incubation Centre - EMPI,New Delhi Delhi
Malaviya Centre for Innovation Incubation and Entrepreneurship,Varanasi Uttar Pradesh
Electropreneur Park (EP) Bhubaneswar,Bhubaneswar Odisha
Bangalore Bioinnovation Centre,Bengaluru Karnataka
NEURON Coe,Mohali Punjab
STPI Gurugram,Gurugram Haryana
SAURJYA RANJAN PATRA,Bhubaneswar Odisha
SmartAgri,Patna Bihar
MOTION,Pune Maharashtra
MedTech- A Centre of Excellence in MediElectronics & Health Informatics by STPI,Lucknow Uttar Pradesh
ABI ICRISAT,Hyderabad Telangana
AIC ADT BARAMATI FOUNDATION,Baramati Maharashtra
Karunya Technology Business Incubation Park,Coimbatore Tamil Nadu
SANDIP Incubator Association,Nashik Maharashtra
SR Foundation,Warangal Telangana
Centre for Innovation Incubation and Business Modelling,Jammu Jammu and Kashmir
Center for Healthcare Entrepreneurship,Hyderabad Telangana
UPES Council for Innovation and Entrepreneurship,Dehradun Uttarakhand
Aiclmcp Foundation,Ahmedabad Gujarat
Kalasalingam Academy of Research and Education,Srivilliputhur Tamil Nadu
University Innovation Cluster University of Rajasthan,Jaipur Rajasthan
EDII Trichy Agribusiness Incubation Forum,Tiruchirappalli Tamil Nadu
ANKURGECA INCUBATION CENTRE FOUNDATION,Aurangabad Maharashtra
IKSC,Gurugram Haryana
NIPER Guwahati,Guwahati Assam
G H Raisoni Technology Business Incubator Foundation,Nagpur Maharashtra
BioNEST Panjab University,Chandigarh Chandigarh
BĀLIMICORP EPL,Hyderabad Telangana
INNOVATION AND INCUBATION CENTRE FOR ENTREPRENEURSHIP,Bhopal Madhya Pradesh
eMERG INDIA,Bengaluru Karnataka
Karpagam Technology Business Incubator,Coimbatore Tamil Nadu
Headstart Network Foundation,Bengaluru Karnataka
HBF DIRECT LIMITED,Noida Uttar Pradesh
Aventureux,Mumbai Maharashtra
IIM Kashipur Foundation for Innovation & Entrepreneurship Development,Kashipur Uttarakhand
ALPINO,New Delhi Delhi
ALPINO,Delhi Delhi
Nashik Engineering Cluster,Nashik Maharashtra
Punjab Agri Business Incubator,Ludhiana Punjab
SuryaKranti Solar Challenge,Perumbavoor Kerala
Nesco Foundation for Innovation and Development,Anand Gujarat
ICOT Incubation Center - Bhopal,Bhopal Madhya Pradesh
NetEdge Incublator,Noida Uttar Pradesh
Entrepreneurs Association of India,New Delhi Delhi
Entrepreneurs Association of India,Mumbai Maharashtra
Mohammad Najmuzzaman,Bengaluru Karnataka
Villgro innovations foundation,Chennai Tamil Nadu
India Accelerator,Gurugram Haryana
IVRI Pashu Vigyan Incubator,Bareilly Uttar Pradesh
Arpan Bohra,Hyderabad Telangana
AICRA,Delhi Delhi
MONYARUN,Chennai Tamil Nadu
AIC MAHAMANA FOUNDATION FOR INNOVATION AND ENTREPRENEURSHIP IM BHU,Varanasi Uttar Pradesh
AIC-AMTZ MediValley,Visakhapatnam Andhra Pradesh
IITM INCUBATION CELL,Chennai Tamil Nadu
Western Digital,Bengaluru Karnataka
Techno Hub,Jaipur Rajasthan
StartUP Conclave,Nagpur Maharashtra
Gujarat Technological University Innovation and Startup Centre,Ahmedabad Gujarat
PARASMANI FOUNDATION,Siliguri West Bengal
Chandragupt Institute of Management Patna (CIMP),Patna Bihar
AIC ADT BARAMATI FOUNDATION,Baramati Maharashtra
Malabar Innovation Entreprenuership Zone,Kannur Kerala
Dream Hatcher Incubation Center,Gwalior Madhya Pradesh
Jawahar RABI,Jabalpur Madhya Pradesh
PDEU Innovation and Incubation Centre,Ahmedabad Gujarat
Huddle,Gurugram Haryana
Jabalpur Incubation Center,Jabalpur Madhya Pradesh
Womenergy Association of Incubators in Manufacturing,Hyderabad Telangana
Pilani Innovation & Entrepreneurship Development Society,Pilani Rajasthan
Technopark Technology Business Incubator,Thiruvananthapuram Kerala
wehub,Hyderabad Telangana
Veltech TBI,Chennai Tamil Nadu
91springboard EIC,Bengaluru Karnataka
Darius Chinoy,New Delhi Delhi
Venture Catalysts,Mumbai Maharashtra
Krishik Agri Business Incubator,Hubli-Dharwad Karnataka
GLF Business School,Kolkata West Bengal
Sri Jayachamarajendra College of Engineering – Science & Technology Entrepreneurs Park (SJCE-STEP),Mysuru Karnataka
AIC Banasthali Vidyapith Foundation,Jaipur Rajasthan
NASSCOM COE IOT,Bengaluru Karnataka
AIC Sangam,Gurugram Haryana
TIDES Business Incubator,Roorkee Uttarakhand
REVA NEST,Bengaluru Karnataka
CPDMED TBI IISc,Bengaluru Karnataka
Chitkara Innovation Incubator Foundation,Chandigarh Chandigarh
ASPIRE-BioNEST,Hyderabad Telangana
SSIIE-TBI,Tirupati Andhra Pradesh
DE Entrepreneurs Club,Zirakpur Punjab
CIE at IIITH,Hyderabad Telangana
SR FOUNDATION,Warangal Telangana
Jodhpur Handicrafts Exporters Association,Jodhpur Rajasthan
GNLU Legal Incubation Council,Ahmedabad Gujarat
ABES ENGINEERING COLLEGE GHAZIABAD,Ghaziabad Uttar Pradesh
IIMCalcutta Innovation Park,Kolkata West Bengal
Gujarat University Startup & Entrepreneurship Council (GUSEC),Ahmedabad Gujarat
JITO Incubation and Innovation Foundation,Mumbai Maharashtra
STPI,Mohali Punjab
Foundation for Innovation and Technology Transfer,New Delhi Delhi
Sathyabama TBI,Chennai Tamil Nadu
SPTBI,Mumbai Maharashtra
Global VC,Margao Goa
CVRCE Technology Incubation Foundation,Bhubaneswar Odisha
Rungta Business Incubator (RUBI),Durg Chhattisgarh
T-Hub Foundation,Hyderabad Telangana
Thestartupxpress,Ahmedabad Gujarat
Innovation Incubator Advisory Pvt Ltd,Thiruvananthapuram Kerala
Founderpassion Foundation,Coimbatore Tamil Nadu
Unicorn Nest,New Delhi Delhi
Level212 coworks LLP,Pune Maharashtra
Pillai Center of Innovation and Entrepreneurship,Navi Mumbai Maharashtra
Supreme Incubator,New Delhi Delhi
AIC IIITKottayam,Palai Kerala
Startup Incubation and Innovation Centre IITK,Kanpur Uttar Pradesh
FOUNDERS CUBE COWORK INCUBATION PRIVATE LIMITED,Bengaluru Karnataka
KIIT Technology Business Incubator,Bhubaneswar Odisha
CIIE Initiatives,Ahmedabad Gujarat
Atal Incubation Centre - Shiv Nadar University,Noida Uttar Pradesh
AIC ISB,Mohali Punjab
SCTIMST-TIMed,Thiruvananthapuram Kerala
JEPPIER Engineering college,Arakkonam Tamil Nadu
Guntur Engineering College,Adoni Andhra Pradesh
Knowledge Institute of Technologuy,Arakkonam Tamil Nadu
SNS College of Engineering,Arakkonam Tamil Nadu
Mahendra Engineering College,Arakkonam Tamil Nadu
Zonal Technology Management Business Planning and Development Unit IARI,Delhi Delhi
Xavier Research Foundation Loyola Centre for Research and Development St Xaviers College,Adalaj Gujarat
Vivekanand Institute of Biotechnology,Adra West Bengal
VINAYAKA MISSIONS KIRUPANANDA VARIYAR ENGINEERING COLLEGE,Arakkonam Tamil Nadu
Technopark Technology Business Incubator T-TBI Park Centre Technopark,Adoor Kerala
Technology Business Incubator - KIET Group of Institution,Ghaziabad Uttar Pradesh
Tamilnadu Agriculture University,Arakkonam Tamil Nadu
Science and Technology Entrepreneurs Park STEP Harcourt Butler Technological Institute H.B.T.I.,Achhnera Uttar Pradesh
Sardar Vallabhbhai National Institute of Technology,Adalaj Gujarat
Rural Technology Business Incubator RTBI,Arakkonam Tamil Nadu
PSG College of Technology Science Technology Entrepreneurial Park,Arakkonam Tamil Nadu
NOIDA INSTUTUTE OF ENGINERING TECHNOLOGY,Achhnera Uttar Pradesh
NIFT-TEA College of Knitwear Fashion East of TEKIC,Arakkonam Tamil Nadu
National Design BusinessIncubatorNIIDNational Institute of Design NID,Adalaj Gujarat
Nagaland Mini Tool Room Training Centre New Industrial Estate,Dimapur Nagaland
Modern Engineering Management Studies,Balangir Odisha
MITCON Consultancy and Engineering Services Ltd.,Achalpur Maharashtra
MEPCO SCHLENK EngineeringCollege,Arakkonam Tamil Nadu
Manipal Institute of Technology,Adyar Karnataka
Management Studies Research Centre,Adityapur Jharkhand
Malviya National Instituteof Technology,Ajmer Rajasthan
Malla Reddy College of Engineering Technology,Adilabad Telangana
Mahatma Gandhi Institute for Rural Industrialization,Achalpur Maharashtra
M.S. Ramaiah School of Advance Studies,Adyar Karnataka
Krishna Engineering College,Achhnera Uttar Pradesh
Konark Institute of Science Technology,Balangir Odisha
K.L.N. COLLEGE OF ENGINEERING,Arakkonam Tamil Nadu
Jadavpur University,Adra West Bengal
J.N.T.U.H. College of Engineering Hyderabad Jawaharlal Nehru Technological University,Adilabad Telangana
Institute for Autoparts Hand Tools Technology,Amritsar Punjab
Indian School of Mines,Adityapur Jharkhand
Indian Institute of Technology BHU,Achhnera Uttar Pradesh
Inderprasth Engineering college,Achhnera Uttar Pradesh
IMS Engineering College,Ghaziabad Uttar Pradesh
IKP Knowledge Park (erstwhile ICICI Knowledge Park),Adilabad Telangana
GMR Institute of Technology,Adoni Andhra Pradesh
Gandhi Institution of Management Studies,Balangir Odisha
Er. Perumal Manimekalai College of Engineering,Arakkonam Tamil Nadu
Dr. MGR Educational Research Institute University,Arakkonam Tamil Nadu
Dept of management Studies IITMadras,Arakkonam Tamil Nadu
Cluster Innovation Centre,Delhi Delhi
Central Institute of Plastic Engineering Technology,Achhnera Uttar Pradesh
C.V.Raman College of Engineering,Balangir Odisha
ABES Engg. College,Achhnera Uttar Pradesh
IIM Calcutta Innovation Park,Adra West Bengal
Malaviya Centre for Innovation Incubation & Entrepreneurship (MCIIE),Achhnera Uttar Pradesh
Nesting Incubation and Entrepreneurship for Leveraging Agri Innovations in Nutricereals (NIELAN),Adilabad Telangana
Agri Business Incubator,Adilabad Telangana
Birla Institute of technology and Science BITS- Pilani (Hyderabad Campus),Adilabad Telangana
Foundation for Innovation & Research at SASTRA - TBI,Arakkonam Tamil Nadu
Technology Business Incubator,Arakkonam Tamil Nadu
TCE-TBI,Arakkonam Tamil Nadu
Development of Entrepreuners Through Incubation (DETI@ACE),Arakkonam Tamil Nadu
Technology Business Incubator,Arakkonam Tamil Nadu
St.Peter's Engineering College - Technology Business Incubator,Arakkonam Tamil Nadu
Birla Institute of technology and Science BITS- Pilani (Hyderabad Campus),Amritsar Punjab
Indian Institute of Science and Research,Amritsar Punjab
NITJ Technology Business Incubator,Amritsar Punjab
Science & Techology Entrepreneur's Park,Amritsar Punjab
Technology based Incubator Society (TBIS),Port Blair Andaman and Nicobar Islands
COEP's Bhau Institute of Innovation Entrepreneurship and Leadership,Achalpur Maharashtra
Zone Startups India (BIL-Ryerson Fututes Pvt Ltd.),Achalpur Maharashtra
RiiDL (Research Innovation Incubation Design Labs),Achalpur Maharashtra
M.P.STEP,Alirajpur Madhya Pradesh
Kerala Startup Mission (Formerly Technopark Technology Business Incubator),Adoor Kerala
ARTILAB Foundation,Bengaluru Karnataka
Business Entrepreneurship and Start-up support through Technology in Horticulture (BESST-HORT),Adyar Karnataka
Global Incubation Service (GINSERV),Adyar Karnataka
Technovate India Innovations,Adyar Karnataka
E-Health TBI,Adyar Karnataka
BEC STEP,Adyar Karnataka
Foundation for sandboxstartup initiatives,Adyar Karnataka
Startup Village,Adyar Karnataka
Manipal University Technology Business Incubator,Adyar Karnataka
Soceity for Development of Composites,Adyar Karnataka
National Design Business Incubator,Adyar Karnataka
STEP-Birla Institute of Technology,Adityapur Jharkhand
Indian Institute of Integrative Medicine-Technology Business Incubator,Port Blair Andaman and Nicobar Islands
Centre for Advancing and Launching Enterprises (CrAdLE),Adalaj Gujarat
ASSOCIATION FOR HARNESSING INNOVATION AND ENTREPRENEURSHIP,Surat Gujarat
LEAF (Leadership Entrepreneurship and Acceleration Foundation) - GLS University Incubator,Ahmedabad Gujarat
IIT Gandhinagar Innovation and Entrepreneurship Center,Adalaj Gujarat
NIF Incubation and Entrepreneurship Council (NIFientreC),Ahmedabad Gujarat
Ahmedabad University Support Foundation VentureStudio,Adalaj Gujarat
CENTRE FOR INCUBATION AND BUSINESS ACCELERATION,Mapusa Goa
Indigram Labs Foundation,New Delhi Delhi
Society for Siddharth International Incubation Centre,Adoni Andhra Pradesh
ADITYA GLOBAL BUSINESS INCUBATOR,Adoni Andhra Pradesh
Shri Shankracharya Technical Campus Business Incubator,Ambikapur Chhattisgarh
AIC@36Inc,Raipur Chhattisgarh
SSCBS Innovation and Incubation Foundation (SIIF),New Delhi Delhi
NSUT IIF,New Delhi Delhi
North Eastern India-ASEAN Chamber of Commerce & Industry,Delhi Delhi
IIITD Innovation & Incubation Center,Delhi Delhi
DTU INNOVATION AND INCUBATION FOUNDATION (DTU IIF),Delhi Delhi
DIIF (DPSRU Innovation & Incubation Foundation),Delhi Delhi
Incubation Research Foundation,Delhi Delhi
CAREER POINT UNIVERSITY,Kota Rajasthan
Entrepreneur Incubation Center Bhagwant University,Ajmer Rajasthan
Centre for Entrepreneurship & Innovation (CEI),Jaipur Rajasthan
BITS Pilani Technology Business Incubator,Pilani Rajasthan
IIM Udaipur Incubation Centre,Udaipur Rajasthan
GIT Jaipur Rural Technology and Business Incubator (RTBI),Jaipur Rajasthan
CSIRCEERI's Incubation-cum Innovation Hub Jaipur,Jaipur Rajasthan
Techno Hub,Jaipur Rajasthan
Indian Institute of Technology Indore,Indore Madhya Pradesh
Indian Institute of Forest Management Bhopal,Bhopal Madhya Pradesh
Startup Space Station Bhopal,Bhopal Madhya Pradesh
Swan Angle Network Indore,Indore Madhya Pradesh
Madhya Pradesh State Bamboo Mission Satna,Satna Madhya Pradesh
B-Nest Bhopal,Bhopal Madhya Pradesh
InQ Innovations,Adoor Kerala
CPCRI Incubator,Kasaragod Kerala
IEDC CUSAT,Adoor Kerala
Women Business Incubation Programme,Thiruvananthapuram Kerala
GECBH TBI,Adoor Kerala
Startup Dreams,Adoor Kerala
IAMAI Mobile 10x,Adoor Kerala
KSIDC BIC,Adoor Kerala
Kerala Agriculture Value Product Research & Development,Adoor Kerala
Technolodge Thiruvananthapuram,Adoor Kerala
Technolodge Muvattupuzha,Adoor Kerala
Technolodge Kannur,Kannur Kerala
Technolodge Piravom,Adoor Kerala
IKP EDEN,Adyar Karnataka
IAMAI Mobile10X -K-Tech Innovation Hub,Bengaluru Karnataka
NASSCOM CENTER OF EXCELLENCE - INTERNET OF THINGS,Adyar Karnataka
K-tech Innovation Hub-NASSCOM,Bengaluru Karnataka
Bangalore Bioinnovation Centre,Adyar Karnataka
EDII-Periyakulam Horti Business Incubation Forum,Periyakulam Tamil Nadu
PSYEC Incubation Centrer,Sivaganga Tamil Nadu
AIHT Business Incubator Foundation,Chennai Tamil Nadu
NEC Business Incubator,Arakkonam Tamil Nadu
Madurai Agribusiness Incubation Forum (MABIF),Madurai Tamil Nadu
MS SWAMINATHAN BIO-INCUBATION CENTRE,Arakkonam Tamil Nadu
IITM BIOINCUBATOR  IIT Madras Research Park,Chennai Tamil Nadu
Bannari Amman Institute of Technology – Technology Business Incubator,Sathyamangalam Tamil Nadu
MaDeIT Innovation Foundation,Chennai Tamil Nadu
Gram Tarang Employability Training Services Pvt. Ltd.,Bhubaneswar Odisha
iHub Inc (Perfectus Tech Private Ltd),Bhubaneswar Odisha
Srusti Academy Development Foundation,Bhubaneswar Odisha
Xavier Council Of Innovations,Bhubaneswar Odisha
SSU Innovation Pvt Ltd,Cuttack Odisha
Center of Innovation Incubation & Entrepreneurship (CIIE),Bhubaneswar Odisha
CIIBM JKEDI,Port Blair Andaman and Nicobar Islands
Andhra Pradesh Innovation Society,Visakhapatnam Andhra Pradesh
Yashwantrao Chavan College of Engineering,Nagpur Maharashtra
Ramdeobaba college of Engineering.,Nagpur Maharashtra
SJC Institute of Technology - New Age Innovation Network (NAIN)-Ktech Innovation Hub,Chikkaballapur Karnataka
Society for lnnovation and Development llSc,Bengaluru Karnataka
Medical Electronics Incubation Centre,Patna Bihar
Electronics Incubation Centre,Port Blair Andaman and Nicobar Islands
Centre for Entrepreneurship Development and Incubation (CEDI),Tiruchirappalli Tamil Nadu
NITK- Science Technology Entrepreneurship Park (NITK-STEP),Port Blair Andaman and Nicobar Islands
Society for Innovation and Entrepreneurship (SINE),Mumbai Maharashtra
Nadathur S Raghavan Centre for Entrepreneurial Learning (NSRCEL),Bengaluru Karnataka
IIITB Innovation Center,Bengaluru Karnataka
DA-IICT Centre for Entrepreneurship and Incubation (DCEI),Adalaj Gujarat
Space Technology Incubation Centre (S-TIC),Agartala Tripura
Shanmugha Arts Science Technology & Research Academy (SASTRA),Arakkonam Tamil Nadu
Institute of Advanced Study in Science & Technology (IASST),Guwahati Assam
National Institute of Pharmaceutical Education & Research (NIPER),Guwahati Assam
Mazumdar Shaw Medical Foundation (MSMF) Bangalore,Bengaluru Karnataka
DPSRU Innovation & Incubator Foundation (DIIF),Port Blair Andaman and Nicobar Islands
Andhra Pradesh MedTech Zone(AMTZ),Port Blair Andaman and Nicobar Islands
SPMVV- Women Biotech Incubation facility (SPMVV- WBIF),Tirupati Andhra Pradesh
Clean Enery International Incubation Center,Delhi Delhi
SBTIC Hyderabad,Hyderabad Telangana
IIIT Hyderabad,Hyderabad Telangana
Women Biotech ParkChennai,Chennai Tamil Nadu
C-CAMP Bangalore,Adyar Karnataka
Gujarat State Biotechnology Mission (GSBTM),Adalaj Gujarat
ICRISAT Hyderabad,Hyderabad Telangana
SRISTI Innovation Ahmedabad Gujrat,Ahmedabad Gujarat
B. V. PATEL PERD Centre,Ahmedabad Gujarat
HTIC Chennai,Chennai Tamil Nadu
IIHR Bangalore,Adyar Karnataka
BSC BioNEST Bio-Incubator (Regional Centre for Biotechnology Faridabad),Faridabad Haryana
ZTM-BPD IARI,New Delhi Delhi
Panjab University,Chandigarh Chandigarh
BITS Pilani K K Birla Goa campus,Mapusa Goa
Ignite EDC Innovation Hub,Panaji Goa
Nec Business Incubator,Tirunelveli Tamil Nadu
AIC MIT ADT Incubator Forum,Pune Maharashtra
Hartron Innovation and Start-up Hub,Gurugram Haryana
AIC Great Lakes Balachandran Incubator,Chennai Tamil Nadu
R-ABIs ANGRAU Poshan Incubator,Tirupati Andhra Pradesh
IGKV R-ABI,Raipur Chhattisgarh
INCUVATIONS FOUNDATION,Brahmapur Odisha
AIC-NMIMS Incubation Centre,Mumbai Maharashtra
Biotechnology Business Incubator Under Society For Sustainable EcoFriendly Solutions,Jaipur Rajasthan
Foundation for Inovation and Entrepreneurship Development,Kashipur Uttarakhand
Center for Innovation Incubation & Entrepreneurship (KL TECHNOLOGY INCUBATORS FOUNDATION),Vijayawada Andhra Pradesh
Foundation for Innovation and Research at SASTRA TBI,Thanjavur Tamil Nadu
AIC RAISE,Coimbatore Tamil Nadu
VIKAS RKVY AGRIBUSINESS INCUBATOR,Cuttack Odisha
Atal Incubation Centre- Rambhau Mhalgi Prabodhini,Mumbai Maharashtra
InnoWork,Noida Uttar Pradesh
MS Swaminathan Bio Incubation Centre,Kanchipuram Tamil Nadu
Atal Bihari Vajpayee Innovation Lab,Ranchi Jharkhand
vif@tanuvas,Chennai Tamil Nadu
DERBI FOUNDATION,Bengaluru Karnataka
Nutrihub,Hyderabad Telangana
Assam Agricultural University Incubator,Jorhat Assam
NIAM Agri-Business Incubator (NABI),Jaipur Rajasthan
AIC Pinnacle Entrepreneurship Forum,Pune Maharashtra
NRCM Centre for Agribusiness Incubation,Hyderabad Telangana
CIRCOT R ABI,Mumbai Maharashtra
Aashray Incubator,Ahmedabad Gujarat
NDIM Incube,Delhi Delhi
IRMA ISEED Foundation,Anand Gujarat
IIT Delhi Technology Business Incubation Unit,New Delhi Delhi
CSIR-IIIM- Technology Business Incubator,Jammu Jammu and Kashmir
ANDC inStart,New Delhi Delhi
AIC - MUJ INCUBATION FOUNDATION,Jaipur Rajasthan
Science and Technology Park,Pune Maharashtra
Foundation for Technology & Business Incubation,Rourkela Odisha
COEP's Bhau Institute of Innovation Entrepreneurship and Leadership,Pune Maharashtra
Marathwada Accelerator for Growth and Incubation Council,Aurangabad Maharashtra
TurningIdeas Incubator,Delhi Delhi
SAI Technology Business Incubator Foundation,Visakhapatnam Andhra Pradesh
AIC-RNTU Foundation,Raisen Madhya Pradesh
IIMN Foundation for Entrepreneurship Development (InFED),Nagpur Maharashtra
Entrepreneurship Cell FMS DU,Delhi Delhi
National Design Business Incubator NID,Ahmedabad Gujarat
Electropreneur Park,Delhi Delhi
AIC IIITKOTTAYAM FOUNDATION,Kottayam Kerala
Incubation Unit Committee IIFM Bhopal,Bhopal Madhya Pradesh
AIC NMIMS INCUBATION CENTRE,Mumbai Maharashtra
MNIT Innovation and Incubation Centre,Jaipur Rajasthan
Misfits Incubator,Nagpur Maharashtra
Pusa Krishi,New Delhi Delhi
WE Hub,Hyderabad Telangana
Startup Oasis,Jaipur Rajasthan
T-Hub Foundation,Hyderabad Telangana
FORUM FOR INNOVATION INCUBATION RESEARCH AND ENTREPRENEURSHIP,Margao Goa
Enterprising Zone Bihar Entrepreneurs Association,Patna Bihar
AIC - PRESTIGE INSPIRE FOUNDATION,Indore Madhya Pradesh
DALBERG ADVISORS,Delhi Delhi
Kozmos Incubators and Innovations Private Limited,Aurangabad Maharashtra
Forge Accelerator,Coimbatore Tamil Nadu
IIMK LIVE,Kozhikode Kerala
Neotec Hub,Kolkata West Bengal
B Nest,Bhopal Madhya Pradesh
Gujarat University Startup & Entre. Council,Ahmedabad Gujarat
AICSKU,Anantapur Andhra Pradesh
Vaibhav Vashishtha,Jaipur Rajasthan
Launchpad,Mumbai Maharashtra
Vinayak Bhandare,Delhi Delhi
IIT KGP,Kharagpur West Bengal
Huddle,Gurugram Haryana
Crescent Innovation and Incubation Council,Chennai Tamil Nadu
Jain University Incubation Centre,Bengaluru Karnataka
G L Bajaj ITM,Noida Uttar Pradesh
Nutrihub,Hyderabad Telangana
Digital Impact Square,Nashik Maharashtra
Sardar Patel Technology Business Incubator,Mumbai Maharashtra
SMVDU Technology Business Incubation Centre,Udhampur Jammu and Kashmir
NIIC- Nishank Incubation & Innovation Centre,Bhopal Madhya Pradesh
VASPL Initiatives P Ltd,Bhopal Madhya Pradesh
Incubatiion Center IIT patna,Patna Bihar
Regional Centre for Biotechnology,Delhi Delhi
Council on Energy Environment and Water,Delhi Delhi
IGDTUW Anveshan Foundation,Delhi Delhi
Shell E4 - Energizing and Enabling Energy Entrepreneurs,Bengaluru Karnataka
IIML- SCIFI (SIDBI Centre for Innovations in Financial Inclusion),Lucknow Uttar Pradesh
Startup BRO,Bengaluru Karnataka
Healthpod India Pvt Ltd,Bengaluru Karnataka
Excubator,Bengaluru Karnataka
Manav Rachna Innovation and Incubation Centre,Faridabad Haryana
Climate Collective,Mumbai Maharashtra
Atal Incubation Centre - BIMTECH,Noida Uttar Pradesh
JSS Business Incubator,Noida Uttar Pradesh
ACC BUSINESS INCUBATOR,Chennai Tamil Nadu
Institute for Industrial Development,Lucknow Uttar Pradesh
Culture Group,Mumbai Maharashtra
IIT Mandi Catalyst,Mandi Himachal Pradesh
Indigram Labs Foundation,New Delhi Delhi
Indian Academy of Entrepreneurship (IAEGlocal),Gurugram Haryana
Entrepreneurship Development Center (Venture Center),Pune Maharashtra
AIC@36Inc,Raipur Chhattisgarh
Society for Innovation and Entrepreneurship-SINE,Mumbai Maharashtra
CYSD,Bhubaneswar Odisha
EKTA INCUBATION CENTRE,Kolkata West Bengal
VenturePark Incubator,Patna Bihar
Bihar Ventures,Patna Bihar
Jabalpur Incubation,Jabalpur Madhya Pradesh
REVSTART INCUBATION CENTER,Delhi Delhi
Society for Innovation and Development IISc,Bengaluru Karnataka
Lemon Ideas Innovations Pvt Ltd,Nagpur Maharashtra
INDIAN AGRICULTURAL RESEARCH INSTITUTE,Delhi Delhi
Gomassive Incubator Pvt Ltd,Delhi Delhi
AIC - AARTECH,Bhopal Madhya Pradesh
3i Zone,Mumbai Maharashtra
Stratigo Co,Faridabad Haryana
Pandian Saraswathi Yadav Engineering College - Incubation Centre,Sivaganga Tamil Nadu
IKP Knowledge Park,Hyderabad Telangana
VIT-Technology Business Incubator (VITTBI),Vellore Tamil Nadu
Centre for Advancing and Launching Enterprises,Ahmedabad Gujarat
Quadlegal,Delhi Delhi
BioRiiDL,Mumbai Maharashtra
AIC-SKU Confederation - The Atal Incubation Centre,Anantapur Andhra Pradesh
SSCBS Innovation and Incubation Foundation,Delhi Delhi
S3IDF,Bengaluru Karnataka
OCTS-The Arena,Delhi Delhi
SCTIMST-TIMed,Thiruvananthapuram Kerala
MUTBI,Udupi Karnataka
a-IDEA NAARM TBI,Hyderabad Telangana
ISB DLABS,Hyderabad Telangana
CIET-TBI,Coimbatore Tamil Nadu
Research Innovation Incubation Design Laboratory,Mumbai Maharashtra
STIO Tech Incubator,Visakhapatnam Andhra Pradesh
99 LEAP,Ranchi Jharkhand
UIncept,Gurugram Haryana
CIBA,Margao Goa
DERBI Foundation,Bengaluru Karnataka
IIMK LIVE,Kozhikode Kerala
IAMAI-Mobile10X,Bengaluru Karnataka
Bhavya Entrepreneur Incubation Service Foundation,Bengaluru Karnataka
AIC at Banasthali University,Jaipur Rajasthan
FISE - Social Alpha,Bengaluru Karnataka
CCAMP_Bangalore,Bengaluru Karnataka
iB Hubs,Delhi Delhi
AIC-NIFT TEA incubation centre for Textiles and Apparel,Tiruppur Tamil Nadu
TBI-BITS-PILANI HYDERABAD,Hyderabad Telangana
Designovator,Mumbai Maharashtra
ZDream Ventures,Gurugram Haryana
thinQbate,Mumbai Maharashtra
Amrita Technology Business Incubator,Kollam Kerala
TREC-STEP,Tiruchirappalli Tamil Nadu
Shriram Institute- Technology Business Incubator (SRI-TBI),Delhi Delhi
Electropreneur Park,Delhi Delhi
KIIT-Technology Business Incubator,Bhubaneswar Odisha
Centre for Incubation and Business Acceleration,Navi Mumbai Maharashtra
T- Hub,Hyderabad Telangana
BITS BIRAC bioNEST,Marmagao Goa
IIT Madras Bioincubator,Chennai Tamil Nadu
IIM-Lucknow Enterprise Incubation Centre,Noida Uttar Pradesh
Agri-Business Incubator of ICRISAT,Hyderabad Telangana
SSTC Business Incubator,Durg Chhattisgarh
Millionminds,Mumbai Maharashtra
IIITH Foundation,Hyderabad Telangana
Faridabad StartUp Network,Faridabad Haryana
NSRCEL IIM BANGALORE,Bengaluru Karnataka
Krishna Path Incubation Society-TBI KIET Group of Institutions Ghaziabad,Modinagar Uttar Pradesh
iciitp: Incubation centre IIT Patna,Patna Bihar
iCreate,Ahmedabad Gujarat
PSG - STEP,Coimbatore Tamil Nadu
TestIncubator,Delhi Delhi
a-IDEA,Hyderabad Telangana
91springboard,Delhi Delhi
Innovation and Incubation Centre at Pandit Deendayal Petroleum University,Ahmedabad Gujarat
Technology Business Incubator @ Kongu Engineering College (TBI@KEC),Erode Tamil Nadu
ASPIRE-TBI University of Hyderabad,Hyderabad Telangana
DKTE Technology Business Incubator,Ichalkaranji Maharashtra
